Datetime,Open,High,Low,Close,Adj Close,Volume
2025-05-22 10:00:00+07:00,122.0,122.0,122.0,122.0,122.0,0
2025-05-22 11:00:00+07:00,122.0,122.0,121.0,122.0,122.0,800
2025-05-22 13:30:00+07:00,122.0,122.0,122.0,122.0,122.0,3000
2025-05-22 14:00:00+07:00,121.0,121.0,121.0,121.0,121.0,1100
2025-05-22 14:45:00+07:00,122.0,122.0,114.0,121.0,121.0,101200
2025-05-22 15:00:00+07:00,122.0,122.0,122.0,122.0,122.0,100
2025-05-23 09:15:00+07:00,121.0,121.0,121.0,121.0,121.0,0
2025-05-23 09:30:00+07:00,120.0,121.0,120.0,121.0,121.0,200
2025-05-23 10:00:00+07:00,121.0,121.0,121.0,121.0,121.0,500
2025-05-23 10:15:00+07:00,120.0,121.0,120.0,121.0,121.0,4100
2025-05-23 10:30:00+07:00,119.0,119.0,112.0,112.0,112.0,52000
2025-05-23 10:45:00+07:00,121.0,121.0,121.0,121.0,121.0,1000
2025-05-23 11:00:00+07:00,121.0,121.0,121.0,121.0,121.0,3000
2025-05-23 14:00:00+07:00,119.0,119.0,119.0,119.0,119.0,400
2025-05-23 14:15:00+07:00,119.0,119.0,117.0,117.0,117.0,900
2025-05-23 14:45:00+07:00,120.0,120.0,117.0,120.0,120.0,4200
2025-05-23 15:15:00+07:00,120.0,120.0,120.0,120.0,120.0,100
2025-05-26 09:00:00+07:00,119.0,119.0,118.0,118.0,118.0,6700
2025-05-26 09:15:00+07:00,119.0,119.0,117.0,118.0,118.0,200
2025-05-26 09:30:00+07:00,119.0,119.0,119.0,119.0,119.0,100
2025-05-26 09:45:00+07:00,117.0,117.0,116.0,116.0,116.0,9100
2025-05-26 10:00:00+07:00,119.0,119.0,119.0,119.0,119.0,700
2025-05-26 10:30:00+07:00,118.0,118.0,118.0,118.0,118.0,1200
2025-05-26 10:45:00+07:00,118.0,118.0,118.0,118.0,118.0,500
2025-05-26 11:15:00+07:00,116.0,116.0,108.0,110.0,110.0,125500
2025-05-26 11:30:00+07:00,118.0,118.0,113.0,113.0,113.0,700
2025-05-26 11:45:00+07:00,112.0,112.0,112.0,112.0,112.0,300
2025-05-26 13:30:00+07:00,112.0,112.0,111.0,111.0,111.0,16500
2025-05-26 13:45:00+07:00,110.0,114.0,109.0,114.0,114.0,12600
2025-05-26 15:15:00+07:00,114.0,114.0,114.0,114.0,114.0,200
2025-05-27 09:00:00+07:00,114.0,114.0,114.0,114.0,114.0,0
2025-05-27 09:30:00+07:00,114.0,114.0,113.0,114.0,114.0,2100
2025-05-27 10:00:00+07:00,113.0,120.0,104.0,120.0,120.0,933300
2025-05-27 10:15:00+07:00,120.0,121.0,114.0,118.0,118.0,471800
2025-05-27 10:45:00+07:00,116.0,116.0,116.0,116.0,116.0,900
2025-05-27 11:00:00+07:00,116.0,116.0,115.0,115.0,115.0,5800
2025-05-27 11:15:00+07:00,114.0,114.0,114.0,114.0,114.0,6400
2025-05-27 11:30:00+07:00,114.0,115.0,104.0,115.0,115.0,104600
2025-05-27 13:30:00+07:00,105.0,105.0,105.0,105.0,105.0,200
2025-05-27 13:45:00+07:00,112.0,112.0,104.0,109.0,109.0,52400
2025-05-27 14:00:00+07:00,104.0,106.0,103.0,104.0,104.0,6500
2025-05-27 14:15:00+07:00,105.0,105.0,105.0,105.0,105.0,2500
2025-05-27 14:30:00+07:00,105.0,105.0,105.0,105.0,105.0,100
2025-05-27 14:45:00+07:00,107.0,107.0,106.0,106.0,106.0,200
2025-05-27 15:15:00+07:00,106.0,108.0,106.0,108.0,108.0,6300
2025-05-27 15:30:00+07:00,107.0,107.0,107.0,107.0,107.0,1200
2025-05-28 09:00:00+07:00,107.0,107.0,107.0,107.0,107.0,2700
2025-05-28 09:15:00+07:00,107.0,108.0,107.0,107.0,107.0,3200
2025-05-28 09:30:00+07:00,107.0,107.0,107.0,107.0,107.0,800
2025-05-28 09:45:00+07:00,107.0,107.0,106.0,106.0,106.0,900
2025-05-28 10:15:00+07:00,106.0,106.0,106.0,106.0,106.0,2200
2025-05-28 11:30:00+07:00,106.0,106.0,106.0,106.0,106.0,5000
2025-05-28 11:45:00+07:00,106.0,106.0,106.0,106.0,106.0,1300
2025-05-28 13:30:00+07:00,105.0,106.0,105.0,105.0,105.0,4100
2025-05-28 14:00:00+07:00,105.0,105.0,105.0,105.0,105.0,100
2025-05-28 14:15:00+07:00,105.0,105.0,105.0,105.0,105.0,100
2025-05-28 14:30:00+07:00,105.0,105.0,105.0,105.0,105.0,400
2025-05-28 14:45:00+07:00,104.0,104.0,104.0,104.0,104.0,500
2025-05-28 15:00:00+07:00,105.0,108.0,105.0,108.0,108.0,4100
2025-05-28 15:15:00+07:00,107.0,107.0,107.0,107.0,107.0,2000
2025-05-28 15:30:00+07:00,107.0,107.0,107.0,107.0,107.0,2500
2025-06-02 09:00:00+07:00,106.0,107.0,106.0,107.0,107.0,0
2025-06-02 09:15:00+07:00,107.0,107.0,107.0,107.0,107.0,9400
2025-06-02 09:30:00+07:00,107.0,107.0,107.0,107.0,107.0,800
2025-06-02 10:00:00+07:00,107.0,107.0,107.0,107.0,107.0,400
2025-06-02 10:15:00+07:00,107.0,108.0,107.0,108.0,108.0,2800
2025-06-02 10:30:00+07:00,107.0,108.0,105.0,108.0,108.0,120000
2025-06-02 13:45:00+07:00,107.0,112.0,107.0,112.0,112.0,698100
2025-06-02 14:00:00+07:00,114.0,114.0,109.0,111.0,111.0,813000
2025-06-02 14:15:00+07:00,110.0,112.0,108.0,111.0,111.0,350000
2025-06-02 14:30:00+07:00,110.0,110.0,110.0,110.0,110.0,1300
2025-06-02 15:00:00+07:00,109.0,109.0,108.0,109.0,109.0,120900
2025-06-02 15:15:00+07:00,111.0,111.0,110.0,110.0,110.0,200
2025-06-02 15:30:00+07:00,110.0,111.0,108.0,108.0,108.0,706100
2025-06-02 15:45:00+07:00,109.0,109.0,108.0,108.0,108.0,13300
2025-06-03 09:00:00+07:00,108.0,108.0,107.0,107.0,107.0,300
2025-06-03 09:15:00+07:00,108.0,108.0,108.0,108.0,108.0,100
2025-06-03 09:30:00+07:00,108.0,108.0,107.0,107.0,107.0,106500
2025-06-03 10:15:00+07:00,109.0,109.0,109.0,109.0,109.0,200
2025-06-03 10:30:00+07:00,108.0,108.0,108.0,108.0,108.0,200100
2025-06-03 10:45:00+07:00,108.0,108.0,108.0,108.0,108.0,101200
2025-06-03 11:30:00+07:00,108.0,108.0,108.0,108.0,108.0,100
2025-06-03 13:30:00+07:00,108.0,108.0,108.0,108.0,108.0,2200
2025-06-03 13:45:00+07:00,107.0,107.0,107.0,107.0,107.0,1100
2025-06-03 14:00:00+07:00,107.0,107.0,107.0,107.0,107.0,1000
2025-06-03 14:30:00+07:00,107.0,107.0,107.0,107.0,107.0,200
2025-06-03 15:00:00+07:00,107.0,107.0,104.0,105.0,105.0,6000
2025-06-03 15:15:00+07:00,106.0,106.0,106.0,106.0,106.0,100
2025-06-03 15:30:00+07:00,105.0,105.0,105.0,105.0,105.0,4800
2025-06-04 09:00:00+07:00,107.0,107.0,106.0,106.0,106.0,4400
2025-06-04 09:15:00+07:00,105.0,105.0,105.0,105.0,105.0,500
2025-06-04 09:30:00+07:00,105.0,105.0,105.0,105.0,105.0,1500
2025-06-04 09:45:00+07:00,104.0,104.0,103.0,103.0,103.0,7900
2025-06-04 10:00:00+07:00,103.0,103.0,102.0,103.0,103.0,11500
2025-06-04 10:15:00+07:00,102.0,103.0,100.0,103.0,103.0,137300
2025-06-04 10:30:00+07:00,103.0,103.0,103.0,103.0,103.0,100
2025-06-04 11:00:00+07:00,103.0,103.0,103.0,103.0,103.0,100
2025-06-04 11:15:00+07:00,104.0,104.0,104.0,104.0,104.0,100
2025-06-04 11:30:00+07:00,103.0,103.0,100.0,101.0,101.0,60500
2025-06-04 11:45:00+07:00,102.0,103.0,101.0,101.0,101.0,3200
2025-06-04 13:30:00+07:00,101.0,101.0,101.0,101.0,101.0,600
2025-06-04 13:45:00+07:00,100.0,101.0,100.0,100.0,100.0,6200
2025-06-04 14:00:00+07:00,100.0,101.0,100.0,101.0,101.0,14800
2025-06-04 14:30:00+07:00,101.0,101.0,99.0,99.0,99.0,213300
2025-06-04 15:00:00+07:00,101.0,101.0,101.0,101.0,101.0,1800
2025-06-04 15:15:00+07:00,101.0,101.0,101.0,101.0,101.0,100
2025-06-05 09:00:00+07:00,100.0,100.0,100.0,100.0,100.0,0
2025-06-05 09:15:00+07:00,100.0,100.0,100.0,100.0,100.0,200
2025-06-05 09:45:00+07:00,101.0,101.0,101.0,101.0,101.0,5000
2025-06-05 10:00:00+07:00,100.0,100.0,100.0,100.0,100.0,400
2025-06-05 10:15:00+07:00,100.0,101.0,100.0,101.0,101.0,4000
2025-06-05 11:15:00+07:00,101.0,101.0,100.0,100.0,100.0,9100
2025-06-05 11:30:00+07:00,100.0,100.0,100.0,100.0,100.0,3000
2025-06-05 11:45:00+07:00,100.0,100.0,100.0,100.0,100.0,200
2025-06-05 13:30:00+07:00,100.0,100.0,100.0,100.0,100.0,100
2025-06-05 13:45:00+07:00,100.0,100.0,100.0,100.0,100.0,1200
2025-06-05 14:00:00+07:00,100.0,100.0,100.0,100.0,100.0,1000
2025-06-05 14:30:00+07:00,99.0,99.0,99.0,99.0,99.0,85300
2025-06-05 14:45:00+07:00,99.0,99.0,99.0,99.0,99.0,600
2025-06-05 15:30:00+07:00,99.0,99.0,99.0,99.0,99.0,1100
2025-06-10 09:00:00+07:00,99.0,99.0,98.0,99.0,99.0,0
2025-06-10 09:15:00+07:00,98.0,99.0,98.0,99.0,99.0,2400
2025-06-10 10:45:00+07:00,99.0,99.0,99.0,99.0,99.0,1000
2025-06-10 11:45:00+07:00,99.0,99.0,99.0,99.0,99.0,1200
2025-06-10 13:30:00+07:00,99.0,99.0,98.0,98.0,98.0,1000
2025-06-10 14:30:00+07:00,99.0,99.0,99.0,99.0,99.0,8800
2025-06-10 14:45:00+07:00,99.0,99.0,99.0,99.0,99.0,500
2025-06-10 15:30:00+07:00,98.0,98.0,98.0,98.0,98.0,900
2025-06-11 09:00:00+07:00,99.0,99.0,98.0,98.0,98.0,0
2025-06-11 09:15:00+07:00,98.0,99.0,98.0,98.0,98.0,4500
2025-06-11 10:30:00+07:00,99.0,99.0,99.0,99.0,99.0,300
2025-06-11 11:00:00+07:00,99.0,99.0,99.0,99.0,99.0,101000
2025-06-11 11:30:00+07:00,99.0,99.0,99.0,99.0,99.0,1500
2025-06-11 11:45:00+07:00,99.0,99.0,99.0,99.0,99.0,10100
2025-06-11 14:15:00+07:00,99.0,99.0,99.0,99.0,99.0,1000
2025-06-11 14:30:00+07:00,99.0,99.0,99.0,99.0,99.0,1000
2025-06-11 14:45:00+07:00,99.0,99.0,99.0,99.0,99.0,538000
2025-06-11 15:30:00+07:00,99.0,99.0,99.0,99.0,99.0,10900
2025-06-12 09:00:00+07:00,98.0,98.0,98.0,98.0,98.0,0
2025-06-12 09:15:00+07:00,97.0,97.0,97.0,97.0,97.0,1400
2025-06-12 09:30:00+07:00,97.0,97.0,96.0,96.0,96.0,3300
2025-06-12 09:45:00+07:00,97.0,97.0,96.0,96.0,96.0,52400
2025-06-12 10:00:00+07:00,96.0,96.0,95.0,95.0,95.0,3000
2025-06-12 10:15:00+07:00,96.0,96.0,96.0,96.0,96.0,6000
2025-06-12 10:45:00+07:00,96.0,96.0,96.0,96.0,96.0,11100
2025-06-12 11:00:00+07:00,96.0,96.0,96.0,96.0,96.0,300
2025-06-12 11:30:00+07:00,96.0,96.0,96.0,96.0,96.0,2200
2025-06-12 11:45:00+07:00,96.0,96.0,95.0,95.0,95.0,400
2025-06-12 13:30:00+07:00,95.0,103.0,92.0,103.0,103.0,221300
2025-06-12 13:45:00+07:00,102.0,103.0,98.0,102.0,102.0,364100
2025-06-12 14:00:00+07:00,102.0,103.0,99.0,101.0,101.0,24000
2025-06-12 14:30:00+07:00,103.0,103.0,103.0,103.0,103.0,10800
2025-06-12 14:45:00+07:00,102.0,102.0,102.0,102.0,102.0,4600
2025-06-12 15:00:00+07:00,102.0,102.0,102.0,102.0,102.0,200
2025-06-12 15:30:00+07:00,102.0,102.0,102.0,102.0,102.0,400
2025-06-12 15:45:00+07:00,102.0,102.0,102.0,102.0,102.0,3000
2025-06-13 09:00:00+07:00,103.0,103.0,102.0,102.0,102.0,3300
2025-06-13 09:15:00+07:00,103.0,103.0,101.0,101.0,101.0,3300
2025-06-13 09:45:00+07:00,101.0,101.0,100.0,100.0,100.0,900
2025-06-13 10:00:00+07:00,103.0,103.0,103.0,103.0,103.0,600
2025-06-13 10:30:00+07:00,103.0,103.0,103.0,103.0,103.0,900
2025-06-13 10:45:00+07:00,100.0,102.0,98.0,102.0,102.0,10000
2025-06-13 11:00:00+07:00,103.0,103.0,103.0,103.0,103.0,20300
2025-06-13 14:15:00+07:00,102.0,103.0,102.0,103.0,103.0,104600
2025-06-13 14:30:00+07:00,103.0,103.0,102.0,102.0,102.0,56300
2025-06-13 15:00:00+07:00,102.0,102.0,102.0,102.0,102.0,600
2025-06-13 15:15:00+07:00,102.0,102.0,102.0,102.0,102.0,700
2025-06-13 15:30:00+07:00,101.0,101.0,101.0,101.0,101.0,300
2025-06-13 15:45:00+07:00,104.0,106.0,104.0,106.0,106.0,26500
2025-06-16 09:00:00+07:00,106.0,106.0,102.0,105.0,105.0,22500
2025-06-16 09:15:00+07:00,103.0,103.0,101.0,101.0,101.0,4000
2025-06-16 09:30:00+07:00,105.0,105.0,105.0,105.0,105.0,1000
2025-06-16 10:00:00+07:00,103.0,112.0,103.0,111.0,111.0,1574000
2025-06-16 10:15:00+07:00,111.0,113.0,108.0,110.0,110.0,771200
2025-06-16 10:30:00+07:00,110.0,111.0,110.0,111.0,111.0,38200
2025-06-16 10:45:00+07:00,110.0,111.0,108.0,108.0,108.0,34600
2025-06-16 11:00:00+07:00,108.0,109.0,108.0,108.0,108.0,26800
2025-06-16 11:15:00+07:00,108.0,109.0,108.0,109.0,109.0,1500
2025-06-16 11:30:00+07:00,108.0,108.0,108.0,108.0,108.0,1000
2025-06-16 11:45:00+07:00,108.0,108.0,108.0,108.0,108.0,500
2025-06-16 13:30:00+07:00,108.0,111.0,108.0,110.0,110.0,38600
2025-06-16 13:45:00+07:00,110.0,111.0,109.0,110.0,110.0,434300
2025-06-16 14:00:00+07:00,109.0,111.0,109.0,111.0,111.0,1600
2025-06-16 14:15:00+07:00,110.0,110.0,110.0,110.0,110.0,18800
2025-06-16 14:30:00+07:00,110.0,110.0,110.0,110.0,110.0,2500
2025-06-16 14:45:00+07:00,109.0,111.0,106.0,110.0,110.0,225500
2025-06-16 15:00:00+07:00,110.0,110.0,109.0,109.0,109.0,213100
2025-06-16 15:15:00+07:00,109.0,109.0,109.0,109.0,109.0,500
2025-06-16 15:30:00+07:00,109.0,109.0,108.0,108.0,108.0,1200
2025-06-16 15:45:00+07:00,108.0,109.0,108.0,109.0,109.0,300
2025-06-17 09:00:00+07:00,108.0,109.0,105.0,109.0,109.0,38400
2025-06-17 09:15:00+07:00,105.0,108.0,105.0,107.0,107.0,315300
2025-06-17 09:30:00+07:00,107.0,107.0,106.0,106.0,106.0,124600
2025-06-17 10:00:00+07:00,107.0,107.0,101.0,101.0,101.0,155600
2025-06-17 10:15:00+07:00,106.0,106.0,105.0,105.0,105.0,100
2025-06-17 10:30:00+07:00,105.0,105.0,103.0,104.0,104.0,4500
2025-06-17 10:45:00+07:00,104.0,104.0,104.0,104.0,104.0,900
2025-06-17 11:00:00+07:00,103.0,103.0,101.0,101.0,101.0,8400
2025-06-17 11:30:00+07:00,103.0,103.0,101.0,101.0,101.0,1200
2025-06-17 11:45:00+07:00,103.0,103.0,101.0,101.0,101.0,6000
2025-06-17 13:30:00+07:00,102.0,102.0,101.0,102.0,102.0,18100
2025-06-17 13:45:00+07:00,103.0,103.0,103.0,103.0,103.0,300
2025-06-17 14:15:00+07:00,104.0,104.0,104.0,104.0,104.0,2000
2025-06-17 14:30:00+07:00,104.0,104.0,101.0,102.0,102.0,29100
2025-06-17 14:45:00+07:00,102.0,102.0,102.0,102.0,102.0,600
2025-06-17 15:00:00+07:00,102.0,103.0,102.0,102.0,102.0,6100
2025-06-17 15:15:00+07:00,104.0,104.0,104.0,104.0,104.0,4900
2025-06-17 15:30:00+07:00,102.0,102.0,102.0,102.0,102.0,5300
2025-06-17 15:45:00+07:00,102.0,102.0,101.0,101.0,101.0,105200
2025-06-18 09:00:00+07:00,102.0,102.0,100.0,100.0,100.0,0
2025-06-18 09:15:00+07:00,101.0,101.0,100.0,100.0,100.0,13700
2025-06-18 09:30:00+07:00,100.0,104.0,100.0,104.0,104.0,30600
2025-06-18 09:45:00+07:00,100.0,107.0,98.0,107.0,107.0,120200
2025-06-18 10:00:00+07:00,101.0,101.0,101.0,101.0,101.0,100
2025-06-18 10:45:00+07:00,102.0,102.0,102.0,102.0,102.0,400
2025-06-18 11:15:00+07:00,102.0,102.0,102.0,102.0,102.0,600
2025-06-18 11:30:00+07:00,101.0,101.0,100.0,100.0,100.0,7000
2025-06-18 11:45:00+07:00,101.0,102.0,101.0,102.0,102.0,400
2025-06-18 13:30:00+07:00,100.0,100.0,100.0,100.0,100.0,200
2025-06-18 13:45:00+07:00,100.0,100.0,100.0,100.0,100.0,300
2025-06-18 15:15:00+07:00,102.0,102.0,102.0,102.0,102.0,200
2025-06-18 15:45:00+07:00,102.0,102.0,102.0,102.0,102.0,100
2025-06-19 09:00:00+07:00,100.0,100.0,99.0,99.0,99.0,5800
2025-06-19 09:30:00+07:00,99.0,99.0,97.0,99.0,99.0,5900
2025-06-19 09:45:00+07:00,97.0,99.0,96.0,99.0,99.0,33400
2025-06-19 10:15:00+07:00,98.0,98.0,97.0,97.0,97.0,8200
2025-06-19 10:30:00+07:00,97.0,100.0,97.0,100.0,100.0,3300
2025-06-19 10:45:00+07:00,100.0,100.0,100.0,100.0,100.0,200
2025-06-19 11:00:00+07:00,99.0,99.0,94.0,95.0,95.0,35400
2025-06-19 11:15:00+07:00,95.0,98.0,95.0,98.0,98.0,7300
2025-06-19 11:30:00+07:00,98.0,98.0,98.0,98.0,98.0,1000
2025-06-19 11:45:00+07:00,98.0,98.0,98.0,98.0,98.0,500
2025-06-19 13:30:00+07:00,97.0,99.0,97.0,99.0,99.0,1200
2025-06-19 13:45:00+07:00,98.0,98.0,98.0,98.0,98.0,100
2025-06-19 14:00:00+07:00,99.0,99.0,99.0,99.0,99.0,100
2025-06-19 14:30:00+07:00,98.0,98.0,97.0,97.0,97.0,7800
2025-06-19 14:45:00+07:00,97.0,97.0,96.0,96.0,96.0,20000
2025-06-19 15:30:00+07:00,97.0,97.0,97.0,97.0,97.0,100
2025-06-20 09:00:00+07:00,96.0,96.0,96.0,96.0,96.0,1500
2025-06-20 09:15:00+07:00,96.0,96.0,96.0,96.0,96.0,5400
2025-06-20 09:30:00+07:00,98.0,98.0,98.0,98.0,98.0,1200
2025-06-20 09:45:00+07:00,97.0,97.0,97.0,97.0,97.0,14000
2025-06-20 10:00:00+07:00,97.0,98.0,97.0,98.0,98.0,1000
2025-06-20 10:45:00+07:00,98.0,98.0,97.0,97.0,97.0,16800
2025-06-20 11:00:00+07:00,97.0,97.0,89.0,89.0,89.0,240700
2025-06-20 11:15:00+07:00,89.0,90.0,89.0,90.0,90.0,176000
2025-06-20 14:00:00+07:00,91.0,93.0,90.0,92.0,92.0,7300
2025-06-20 14:15:00+07:00,93.0,94.0,91.0,94.0,94.0,81200
2025-06-20 14:30:00+07:00,94.0,94.0,89.0,92.0,92.0,155100
2025-06-20 14:45:00+07:00,91.0,91.0,91.0,91.0,91.0,6200
2025-06-20 15:00:00+07:00,91.0,91.0,91.0,91.0,91.0,200
2025-06-20 15:15:00+07:00,91.0,91.0,90.0,90.0,90.0,25300
2025-06-20 15:30:00+07:00,90.0,91.0,90.0,91.0,91.0,1600
2025-06-20 15:45:00+07:00,91.0,91.0,91.0,91.0,91.0,9300
2025-06-23 09:00:00+07:00,90.0,91.0,90.0,91.0,91.0,800
2025-06-23 09:15:00+07:00,91.0,92.0,91.0,92.0,92.0,21400
2025-06-23 09:30:00+07:00,92.0,92.0,90.0,90.0,90.0,12100
2025-06-23 10:00:00+07:00,92.0,92.0,92.0,92.0,92.0,2300
2025-06-23 10:30:00+07:00,91.0,91.0,91.0,91.0,91.0,100
2025-06-23 10:45:00+07:00,92.0,92.0,92.0,92.0,92.0,600
2025-06-23 13:45:00+07:00,93.0,94.0,93.0,94.0,94.0,13700
2025-06-23 14:00:00+07:00,93.0,93.0,93.0,93.0,93.0,600
2025-06-23 14:15:00+07:00,94.0,94.0,94.0,94.0,94.0,1200
2025-06-23 14:30:00+07:00,94.0,94.0,94.0,94.0,94.0,200
2025-06-23 14:45:00+07:00,94.0,94.0,93.0,93.0,93.0,13800
2025-06-23 15:15:00+07:00,93.0,93.0,93.0,93.0,93.0,17200
2025-06-23 15:30:00+07:00,92.0,92.0,92.0,92.0,92.0,500
2025-06-23 15:45:00+07:00,92.0,92.0,92.0,92.0,92.0,700
2025-06-24 09:00:00+07:00,93.0,94.0,92.0,92.0,92.0,0
2025-06-24 09:30:00+07:00,92.0,92.0,92.0,92.0,92.0,2000
2025-06-24 09:45:00+07:00,92.0,92.0,92.0,92.0,92.0,2700
2025-06-24 10:15:00+07:00,92.0,92.0,92.0,92.0,92.0,100
2025-06-24 10:45:00+07:00,92.0,92.0,92.0,92.0,92.0,2500
2025-06-24 11:45:00+07:00,92.0,92.0,92.0,92.0,92.0,100
2025-06-24 14:30:00+07:00,93.0,93.0,93.0,93.0,93.0,200
2025-06-24 15:15:00+07:00,93.0,93.0,93.0,93.0,93.0,300
2025-06-25 09:00:00+07:00,92.0,92.0,92.0,92.0,92.0,0
2025-06-25 09:15:00+07:00,92.0,92.0,91.0,92.0,92.0,9800
2025-06-25 10:00:00+07:00,93.0,93.0,93.0,93.0,93.0,5000
2025-06-25 10:45:00+07:00,93.0,93.0,93.0,93.0,93.0,2000
2025-06-25 11:30:00+07:00,93.0,94.0,89.0,94.0,94.0,75700
2025-06-25 14:00:00+07:00,90.0,90.0,90.0,90.0,90.0,200
2025-06-25 14:15:00+07:00,93.0,94.0,93.0,94.0,94.0,8800
2025-06-25 14:30:00+07:00,94.0,94.0,94.0,94.0,94.0,100
2025-06-25 15:00:00+07:00,92.0,92.0,92.0,92.0,92.0,100
2025-06-25 15:15:00+07:00,92.0,92.0,91.0,91.0,91.0,200
2025-06-26 09:00:00+07:00,91.0,91.0,91.0,91.0,91.0,0
2025-06-26 09:30:00+07:00,91.0,91.0,91.0,91.0,91.0,6200
2025-06-26 09:45:00+07:00,91.0,91.0,90.0,91.0,91.0,5300
2025-06-26 10:00:00+07:00,91.0,91.0,91.0,91.0,91.0,10000
2025-06-26 10:45:00+07:00,91.0,91.0,91.0,91.0,91.0,2500
2025-06-26 11:00:00+07:00,91.0,91.0,91.0,91.0,91.0,100
2025-06-26 11:30:00+07:00,91.0,91.0,91.0,91.0,91.0,1600
2025-06-26 13:30:00+07:00,91.0,91.0,91.0,91.0,91.0,200
2025-06-26 13:45:00+07:00,91.0,91.0,91.0,91.0,91.0,100
2025-06-26 14:00:00+07:00,91.0,91.0,91.0,91.0,91.0,1000
2025-06-26 15:45:00+07:00,90.0,90.0,88.0,88.0,88.0,22900
2025-06-30 09:00:00+07:00,88.0,91.0,88.0,89.0,89.0,17100
2025-06-30 09:15:00+07:00,90.0,90.0,90.0,90.0,90.0,3700
2025-06-30 10:15:00+07:00,89.0,90.0,89.0,90.0,90.0,400
2025-06-30 10:30:00+07:00,89.0,89.0,89.0,89.0,89.0,100
2025-06-30 10:45:00+07:00,90.0,90.0,90.0,90.0,90.0,1300
2025-06-30 11:00:00+07:00,90.0,90.0,90.0,90.0,90.0,500
2025-06-30 11:30:00+07:00,90.0,90.0,90.0,90.0,90.0,11200
2025-06-30 13:30:00+07:00,90.0,90.0,90.0,90.0,90.0,101000
2025-06-30 13:45:00+07:00,89.0,89.0,89.0,89.0,89.0,600
2025-06-30 14:15:00+07:00,90.0,90.0,90.0,90.0,90.0,700
2025-06-30 15:00:00+07:00,90.0,90.0,90.0,90.0,90.0,11400
2025-06-30 15:45:00+07:00,90.0,90.0,90.0,90.0,90.0,200
2025-07-01 09:00:00+07:00,90.0,90.0,90.0,90.0,90.0,0
2025-07-01 09:15:00+07:00,90.0,90.0,90.0,90.0,90.0,1500
2025-07-01 09:45:00+07:00,90.0,90.0,90.0,90.0,90.0,300
2025-07-01 10:00:00+07:00,89.0,90.0,89.0,90.0,90.0,400
2025-07-01 10:30:00+07:00,90.0,90.0,90.0,90.0,90.0,500
2025-07-01 10:45:00+07:00,90.0,90.0,90.0,90.0,90.0,100
2025-07-01 11:15:00+07:00,90.0,90.0,90.0,90.0,90.0,100
2025-07-01 11:45:00+07:00,89.0,89.0,89.0,89.0,89.0,13500
2025-07-01 13:30:00+07:00,90.0,90.0,90.0,90.0,90.0,2800
2025-07-01 14:00:00+07:00,90.0,90.0,90.0,90.0,90.0,4000
2025-07-01 15:00:00+07:00,89.0,89.0,89.0,89.0,89.0,5100
2025-07-01 15:15:00+07:00,90.0,90.0,90.0,90.0,90.0,500
2025-07-02 09:00:00+07:00,90.0,90.0,90.0,90.0,90.0,0
2025-07-02 09:15:00+07:00,89.0,91.0,88.0,90.0,90.0,40300
2025-07-02 09:30:00+07:00,90.0,90.0,90.0,90.0,90.0,300
2025-07-02 09:45:00+07:00,90.0,90.0,90.0,90.0,90.0,600
2025-07-02 10:15:00+07:00,88.0,92.0,87.0,92.0,92.0,20000
2025-07-02 11:15:00+07:00,91.0,91.0,91.0,91.0,91.0,8400
2025-07-02 11:30:00+07:00,91.0,91.0,91.0,91.0,91.0,2600
2025-07-02 13:30:00+07:00,91.0,91.0,91.0,91.0,91.0,11000
2025-07-02 13:45:00+07:00,90.0,90.0,90.0,90.0,90.0,0
2025-07-02 14:30:00+07:00,90.0,90.0,86.0,90.0,90.0,64100
2025-07-02 15:00:00+07:00,90.0,90.0,90.0,90.0,90.0,500
2025-07-02 15:15:00+07:00,87.0,87.0,87.0,87.0,87.0,11000
2025-07-02 15:30:00+07:00,87.0,87.0,87.0,87.0,87.0,0
2025-07-03 09:00:00+07:00,90.0,90.0,87.0,87.0,87.0,2400
2025-07-03 09:15:00+07:00,88.0,89.0,88.0,89.0,89.0,12400
2025-07-03 09:30:00+07:00,89.0,89.0,88.0,88.0,88.0,300
2025-07-03 09:45:00+07:00,89.0,89.0,89.0,89.0,89.0,0
2025-07-03 10:00:00+07:00,89.0,89.0,89.0,89.0,89.0,3400
2025-07-03 10:15:00+07:00,89.0,89.0,89.0,89.0,89.0,200
2025-07-03 10:30:00+07:00,89.0,89.0,89.0,89.0,89.0,100
2025-07-03 10:45:00+07:00,89.0,89.0,89.0,89.0,89.0,700
2025-07-03 11:00:00+07:00,90.0,90.0,90.0,90.0,90.0,100
2025-07-03 11:15:00+07:00,89.0,89.0,89.0,89.0,89.0,2000
2025-07-03 13:30:00+07:00,90.0,90.0,89.0,89.0,89.0,8700
2025-07-03 14:00:00+07:00,90.0,90.0,90.0,90.0,90.0,100
2025-07-03 14:15:00+07:00,90.0,90.0,90.0,90.0,90.0,100
2025-07-03 14:30:00+07:00,90.0,90.0,90.0,90.0,90.0,1000
2025-07-03 14:45:00+07:00,90.0,90.0,90.0,90.0,90.0,4600
2025-07-04 09:00:00+07:00,90.0,90.0,89.0,90.0,90.0,0
2025-07-04 09:15:00+07:00,90.0,90.0,90.0,90.0,90.0,600
2025-07-04 09:30:00+07:00,90.0,90.0,90.0,90.0,90.0,700
2025-07-04 10:00:00+07:00,89.0,89.0,87.0,87.0,87.0,15000
2025-07-04 10:15:00+07:00,90.0,90.0,89.0,89.0,89.0,1200
2025-07-04 11:00:00+07:00,89.0,89.0,89.0,89.0,89.0,300
2025-07-04 14:00:00+07:00,88.0,88.0,88.0,88.0,88.0,700
2025-07-04 14:15:00+07:00,89.0,90.0,89.0,89.0,89.0,3500
2025-07-04 14:30:00+07:00,88.0,88.0,81.0,85.0,85.0,204600
2025-07-04 14:45:00+07:00,85.0,86.0,85.0,85.0,85.0,113100
2025-07-04 15:00:00+07:00,85.0,87.0,85.0,85.0,85.0,2400
2025-07-04 15:15:00+07:00,86.0,87.0,85.0,87.0,87.0,1400
2025-07-04 15:30:00+07:00,85.0,87.0,85.0,86.0,86.0,12800
2025-07-07 09:00:00+07:00,85.0,86.0,84.0,84.0,84.0,3600
2025-07-07 09:15:00+07:00,86.0,91.0,81.0,81.0,81.0,148200
2025-07-07 09:30:00+07:00,84.0,85.0,84.0,85.0,85.0,800
2025-07-07 09:45:00+07:00,84.0,87.0,83.0,83.0,83.0,2600
2025-07-07 10:00:00+07:00,84.0,85.0,83.0,85.0,85.0,2300
2025-07-07 10:15:00+07:00,85.0,85.0,85.0,85.0,85.0,400
2025-07-07 10:30:00+07:00,85.0,85.0,78.0,80.0,80.0,418400
2025-07-07 10:45:00+07:00,80.0,80.0,78.0,79.0,79.0,230600
2025-07-07 11:00:00+07:00,79.0,80.0,79.0,80.0,80.0,31200
2025-07-07 11:15:00+07:00,80.0,80.0,78.0,78.0,78.0,261800
2025-07-07 11:30:00+07:00,78.0,78.0,78.0,78.0,78.0,42300
2025-07-07 11:45:00+07:00,78.0,78.0,78.0,78.0,78.0,27500
2025-07-07 13:30:00+07:00,78.0,78.0,78.0,78.0,78.0,5000
2025-07-07 13:45:00+07:00,78.0,78.0,78.0,78.0,78.0,259400
2025-07-07 14:00:00+07:00,78.0,79.0,78.0,79.0,79.0,15300
2025-07-07 14:15:00+07:00,79.0,79.0,79.0,79.0,79.0,2300
2025-07-07 14:30:00+07:00,79.0,79.0,79.0,79.0,79.0,7600
2025-07-07 14:45:00+07:00,79.0,79.0,79.0,79.0,79.0,8800
2025-07-07 15:00:00+07:00,79.0,79.0,78.0,79.0,79.0,43200
2025-07-07 15:15:00+07:00,78.0,79.0,78.0,79.0,79.0,32300
2025-07-07 15:30:00+07:00,79.0,80.0,79.0,80.0,80.0,12400
2025-07-07 15:45:00+07:00,80.0,80.0,79.0,79.0,79.0,24700
2025-07-08 09:00:00+07:00,79.0,79.0,78.0,79.0,79.0,14600
2025-07-08 09:15:00+07:00,78.0,78.0,77.0,77.0,77.0,5100
2025-07-08 09:30:00+07:00,78.0,78.0,78.0,78.0,78.0,6700
2025-07-08 09:45:00+07:00,77.0,78.0,77.0,78.0,78.0,13900
2025-07-08 10:00:00+07:00,78.0,79.0,77.0,77.0,77.0,22900
2025-07-08 10:15:00+07:00,78.0,78.0,77.0,77.0,77.0,3600
2025-07-08 10:30:00+07:00,78.0,78.0,78.0,78.0,78.0,2000
2025-07-08 11:00:00+07:00,77.0,79.0,75.0,77.0,77.0,20300
2025-07-08 11:15:00+07:00,78.0,78.0,78.0,78.0,78.0,300
2025-07-08 11:30:00+07:00,78.0,78.0,78.0,78.0,78.0,100
2025-07-08 11:45:00+07:00,77.0,78.0,77.0,78.0,78.0,400
2025-07-08 13:30:00+07:00,77.0,77.0,77.0,77.0,77.0,2600
2025-07-08 14:15:00+07:00,78.0,78.0,78.0,78.0,78.0,1000
2025-07-08 14:30:00+07:00,78.0,78.0,78.0,78.0,78.0,100
2025-07-08 14:45:00+07:00,78.0,78.0,78.0,78.0,78.0,400
2025-07-08 15:00:00+07:00,78.0,78.0,78.0,78.0,78.0,1200
2025-07-08 15:15:00+07:00,78.0,78.0,77.0,77.0,77.0,2500
2025-07-08 15:30:00+07:00,77.0,78.0,77.0,78.0,78.0,4600
2025-07-09 09:00:00+07:00,78.0,78.0,78.0,78.0,78.0,0
2025-07-09 09:15:00+07:00,78.0,78.0,76.0,76.0,76.0,23900
2025-07-09 09:30:00+07:00,76.0,76.0,75.0,76.0,76.0,56000
2025-07-09 09:45:00+07:00,77.0,77.0,77.0,77.0,77.0,600
2025-07-09 10:00:00+07:00,77.0,78.0,77.0,78.0,78.0,3400
2025-07-09 10:30:00+07:00,77.0,77.0,77.0,77.0,77.0,5000
2025-07-09 11:00:00+07:00,77.0,78.0,77.0,78.0,78.0,6100
2025-07-09 11:30:00+07:00,78.0,78.0,78.0,78.0,78.0,6000
2025-07-09 11:45:00+07:00,78.0,78.0,78.0,78.0,78.0,100
2025-07-09 14:15:00+07:00,78.0,78.0,77.0,77.0,77.0,12800
2025-07-09 14:30:00+07:00,77.0,77.0,77.0,77.0,77.0,3200
2025-07-09 14:45:00+07:00,78.0,78.0,78.0,78.0,78.0,0
2025-07-09 15:15:00+07:00,77.0,77.0,77.0,77.0,77.0,27000
2025-07-10 09:00:00+07:00,78.0,78.0,77.0,77.0,77.0,13200
2025-07-10 09:15:00+07:00,77.0,78.0,77.0,77.0,77.0,140100
2025-07-10 09:45:00+07:00,78.0,78.0,78.0,78.0,78.0,2700
2025-07-10 10:00:00+07:00,78.0,78.0,78.0,78.0,78.0,7600
2025-07-10 11:30:00+07:00,78.0,78.0,78.0,78.0,78.0,500
2025-07-10 13:30:00+07:00,79.0,79.0,78.0,78.0,78.0,1100
2025-07-10 13:45:00+07:00,78.0,79.0,78.0,79.0,79.0,4100
2025-07-10 14:00:00+07:00,79.0,79.0,79.0,79.0,79.0,6000
2025-07-10 14:30:00+07:00,79.0,79.0,79.0,79.0,79.0,100
2025-07-10 14:45:00+07:00,79.0,79.0,79.0,79.0,79.0,100
2025-07-10 15:00:00+07:00,79.0,79.0,79.0,79.0,79.0,200
2025-07-10 15:15:00+07:00,79.0,79.0,78.0,78.0,78.0,2900
2025-07-10 15:30:00+07:00,78.0,79.0,77.0,79.0,79.0,100000
2025-07-10 15:45:00+07:00,79.0,79.0,79.0,79.0,79.0,0
2025-07-11 09:00:00+07:00,77.0,78.0,77.0,77.0,77.0,258700
2025-07-11 09:15:00+07:00,77.0,77.0,77.0,77.0,77.0,800
2025-07-11 09:30:00+07:00,77.0,78.0,77.0,78.0,78.0,1700
2025-07-11 10:30:00+07:00,77.0,79.0,75.0,79.0,79.0,59100
2025-07-11 10:45:00+07:00,77.0,77.0,71.0,75.0,75.0,80100
2025-07-11 11:00:00+07:00,74.0,75.0,74.0,75.0,75.0,10500
2025-07-11 11:15:00+07:00,75.0,78.0,75.0,78.0,78.0,22100
2025-07-11 14:00:00+07:00,78.0,78.0,77.0,77.0,77.0,16400
2025-07-11 14:15:00+07:00,78.0,79.0,78.0,79.0,79.0,9500
2025-07-11 14:30:00+07:00,79.0,79.0,79.0,79.0,79.0,100
2025-07-11 14:45:00+07:00,78.0,79.0,78.0,78.0,78.0,7200
2025-07-11 15:00:00+07:00,79.0,79.0,79.0,79.0,79.0,0
2025-07-11 15:15:00+07:00,78.0,78.0,78.0,78.0,78.0,5000
2025-07-11 15:30:00+07:00,78.0,78.0,78.0,78.0,78.0,200
2025-07-14 09:00:00+07:00,78.0,78.0,78.0,78.0,78.0,0
2025-07-14 09:15:00+07:00,77.0,78.0,77.0,78.0,78.0,200
2025-07-14 09:30:00+07:00,78.0,78.0,78.0,78.0,78.0,100
2025-07-14 09:45:00+07:00,77.0,77.0,77.0,77.0,77.0,800
2025-07-14 10:00:00+07:00,77.0,78.0,77.0,77.0,77.0,27200
2025-07-14 10:30:00+07:00,78.0,79.0,78.0,79.0,79.0,3400
2025-07-14 10:45:00+07:00,79.0,79.0,79.0,79.0,79.0,200
2025-07-14 11:15:00+07:00,78.0,78.0,78.0,78.0,78.0,500
2025-07-14 11:30:00+07:00,78.0,78.0,78.0,78.0,78.0,200
2025-07-14 11:45:00+07:00,78.0,78.0,78.0,78.0,78.0,500
2025-07-14 13:30:00+07:00,77.0,79.0,77.0,79.0,79.0,16200
2025-07-14 13:45:00+07:00,77.0,79.0,77.0,79.0,79.0,30100
2025-07-14 14:15:00+07:00,78.0,78.0,78.0,78.0,78.0,200
2025-07-14 14:45:00+07:00,78.0,78.0,78.0,78.0,78.0,1000
2025-07-14 15:00:00+07:00,78.0,79.0,78.0,79.0,79.0,2700
2025-07-14 15:15:00+07:00,79.0,79.0,79.0,79.0,79.0,100
2025-07-14 15:30:00+07:00,79.0,80.0,79.0,80.0,80.0,3000
2025-07-15 09:00:00+07:00,80.0,80.0,79.0,79.0,79.0,0
2025-07-15 09:15:00+07:00,79.0,79.0,79.0,79.0,79.0,3400
2025-07-15 09:30:00+07:00,78.0,79.0,73.0,76.0,76.0,28400
2025-07-15 09:45:00+07:00,79.0,79.0,79.0,79.0,79.0,200
2025-07-15 10:45:00+07:00,76.0,76.0,72.0,72.0,72.0,406200
2025-07-15 11:00:00+07:00,72.0,72.0,72.0,72.0,72.0,321700
2025-07-15 11:15:00+07:00,73.0,73.0,72.0,73.0,73.0,44600
2025-07-15 11:30:00+07:00,74.0,77.0,72.0,73.0,73.0,92700
2025-07-15 11:45:00+07:00,73.0,76.0,73.0,76.0,76.0,10400
2025-07-15 13:30:00+07:00,76.0,77.0,72.0,73.0,73.0,216900
2025-07-15 13:45:00+07:00,73.0,74.0,73.0,74.0,74.0,17400
2025-07-15 14:00:00+07:00,74.0,74.0,74.0,74.0,74.0,1200
2025-07-15 14:15:00+07:00,74.0,74.0,74.0,74.0,74.0,10700
2025-07-15 14:30:00+07:00,73.0,73.0,72.0,73.0,73.0,100500
2025-07-15 14:45:00+07:00,72.0,73.0,72.0,73.0,73.0,23400
2025-07-15 15:00:00+07:00,72.0,72.0,72.0,72.0,72.0,252000
2025-07-15 15:15:00+07:00,72.0,72.0,72.0,72.0,72.0,27900
2025-07-15 15:30:00+07:00,72.0,72.0,72.0,72.0,72.0,15100
2025-07-15 15:45:00+07:00,72.0,72.0,72.0,72.0,72.0,24700
2025-07-16 09:00:00+07:00,71.0,72.0,69.0,70.0,70.0,19500
2025-07-16 09:15:00+07:00,70.0,70.0,70.0,70.0,70.0,2200
2025-07-16 09:30:00+07:00,72.0,73.0,71.0,71.0,71.0,6000
2025-07-16 09:45:00+07:00,72.0,73.0,68.0,73.0,73.0,83900
2025-07-16 10:00:00+07:00,72.0,73.0,72.0,72.0,72.0,23100
2025-07-16 10:15:00+07:00,72.0,73.0,71.0,72.0,72.0,27500
2025-07-16 10:30:00+07:00,72.0,73.0,72.0,73.0,73.0,1600
2025-07-16 10:45:00+07:00,72.0,72.0,72.0,72.0,72.0,400
2025-07-16 11:00:00+07:00,72.0,72.0,72.0,72.0,72.0,500
2025-07-16 11:15:00+07:00,72.0,73.0,71.0,73.0,73.0,16800
2025-07-16 11:30:00+07:00,72.0,72.0,72.0,72.0,72.0,200
2025-07-16 11:45:00+07:00,72.0,72.0,72.0,72.0,72.0,10000
2025-07-16 13:30:00+07:00,72.0,72.0,71.0,71.0,71.0,6300
2025-07-16 13:45:00+07:00,71.0,73.0,71.0,73.0,73.0,10300
2025-07-16 14:15:00+07:00,73.0,73.0,73.0,73.0,73.0,800
2025-07-16 14:45:00+07:00,72.0,72.0,72.0,72.0,72.0,1900
2025-07-16 15:00:00+07:00,72.0,73.0,72.0,72.0,72.0,13100
2025-07-16 15:15:00+07:00,72.0,73.0,70.0,70.0,70.0,12300
2025-07-16 15:30:00+07:00,71.0,73.0,71.0,72.0,72.0,0
2025-07-17 09:00:00+07:00,72.0,72.0,69.0,69.0,69.0,47200
2025-07-17 09:15:00+07:00,69.0,69.0,69.0,69.0,69.0,100
2025-07-17 09:30:00+07:00,72.0,72.0,71.0,72.0,72.0,1700
2025-07-17 09:45:00+07:00,71.0,72.0,71.0,72.0,72.0,11000
2025-07-17 10:15:00+07:00,72.0,73.0,69.0,71.0,71.0,71200
2025-07-17 10:30:00+07:00,73.0,73.0,73.0,73.0,73.0,200
2025-07-17 10:45:00+07:00,72.0,73.0,72.0,73.0,73.0,60800
2025-07-17 11:15:00+07:00,72.0,72.0,71.0,71.0,71.0,1000
2025-07-17 11:45:00+07:00,72.0,73.0,72.0,73.0,73.0,700
2025-07-17 13:30:00+07:00,73.0,73.0,73.0,73.0,73.0,1200
2025-07-17 14:00:00+07:00,72.0,72.0,72.0,72.0,72.0,5200
2025-07-17 15:15:00+07:00,72.0,72.0,72.0,72.0,72.0,1000
2025-07-18 09:00:00+07:00,73.0,73.0,72.0,73.0,73.0,200
2025-07-18 09:15:00+07:00,73.0,73.0,73.0,73.0,73.0,3500
2025-07-18 09:45:00+07:00,73.0,73.0,73.0,73.0,73.0,8500
2025-07-18 10:00:00+07:00,73.0,74.0,73.0,73.0,73.0,2700
2025-07-18 10:15:00+07:00,73.0,73.0,73.0,73.0,73.0,1400
2025-07-18 10:30:00+07:00,73.0,73.0,73.0,73.0,73.0,1000
2025-07-18 14:00:00+07:00,74.0,74.0,73.0,73.0,73.0,33000
2025-07-18 14:15:00+07:00,73.0,73.0,73.0,73.0,73.0,2000
2025-07-18 14:30:00+07:00,74.0,74.0,73.0,73.0,73.0,6000
2025-07-18 14:45:00+07:00,74.0,74.0,74.0,74.0,74.0,100
2025-07-18 15:00:00+07:00,74.0,74.0,73.0,73.0,73.0,11100
2025-07-18 15:15:00+07:00,74.0,75.0,73.0,74.0,74.0,12100
2025-07-18 15:30:00+07:00,74.0,74.0,74.0,74.0,74.0,100
2025-07-18 15:45:00+07:00,73.0,73.0,72.0,72.0,72.0,16000
2025-07-21 09:00:00+07:00,74.0,74.0,73.0,74.0,74.0,100
2025-07-21 09:15:00+07:00,73.0,73.0,73.0,73.0,73.0,100
2025-07-21 09:30:00+07:00,73.0,73.0,73.0,73.0,73.0,1900
2025-07-21 09:45:00+07:00,74.0,74.0,74.0,74.0,74.0,100
2025-07-21 10:30:00+07:00,74.0,74.0,73.0,73.0,73.0,2400
2025-07-21 11:15:00+07:00,73.0,73.0,73.0,73.0,73.0,3500
2025-07-21 13:30:00+07:00,74.0,74.0,74.0,74.0,74.0,15000
2025-07-21 13:45:00+07:00,74.0,74.0,74.0,74.0,74.0,200
2025-07-21 14:15:00+07:00,73.0,74.0,73.0,74.0,74.0,5700
2025-07-21 14:30:00+07:00,74.0,74.0,70.0,70.0,70.0,21900
2025-07-21 14:45:00+07:00,71.0,74.0,71.0,71.0,71.0,71500
2025-07-21 15:00:00+07:00,73.0,73.0,73.0,73.0,73.0,300
2025-07-21 15:15:00+07:00,73.0,74.0,71.0,71.0,71.0,21800
2025-07-22 09:00:00+07:00,72.0,75.0,71.0,73.0,73.0,100400
2025-07-22 09:15:00+07:00,73.0,75.0,73.0,75.0,75.0,81600
2025-07-22 09:30:00+07:00,75.0,76.0,75.0,75.0,75.0,14200
2025-07-22 09:45:00+07:00,75.0,75.0,74.0,75.0,75.0,1200
2025-07-22 10:00:00+07:00,75.0,75.0,74.0,74.0,74.0,8900
2025-07-22 10:15:00+07:00,73.0,74.0,73.0,74.0,74.0,6700
2025-07-22 10:30:00+07:00,74.0,74.0,74.0,74.0,74.0,600
2025-07-22 10:45:00+07:00,74.0,74.0,74.0,74.0,74.0,500
2025-07-22 11:00:00+07:00,73.0,73.0,73.0,73.0,73.0,3900
2025-07-22 11:15:00+07:00,74.0,74.0,73.0,73.0,73.0,8300
2025-07-22 11:30:00+07:00,73.0,73.0,72.0,73.0,73.0,18600
2025-07-22 11:45:00+07:00,73.0,73.0,73.0,73.0,73.0,700
2025-07-22 13:30:00+07:00,73.0,74.0,73.0,74.0,74.0,46200
2025-07-22 14:00:00+07:00,73.0,73.0,73.0,73.0,73.0,10500
2025-07-22 14:15:00+07:00,72.0,72.0,72.0,72.0,72.0,55000
2025-07-22 14:30:00+07:00,72.0,72.0,72.0,72.0,72.0,0
2025-07-22 15:00:00+07:00,73.0,73.0,73.0,73.0,73.0,17600
2025-07-22 15:15:00+07:00,73.0,73.0,73.0,73.0,73.0,0
2025-07-22 15:30:00+07:00,74.0,74.0,73.0,73.0,73.0,50800
2025-07-22 15:45:00+07:00,72.0,72.0,72.0,72.0,72.0,300
2025-07-23 09:00:00+07:00,73.0,73.0,72.0,73.0,73.0,11200
2025-07-23 09:15:00+07:00,73.0,73.0,73.0,73.0,73.0,100
2025-07-23 09:30:00+07:00,73.0,73.0,73.0,73.0,73.0,9100
2025-07-23 09:45:00+07:00,73.0,74.0,73.0,74.0,74.0,800
2025-07-23 10:15:00+07:00,74.0,74.0,73.0,74.0,74.0,47700
2025-07-23 10:45:00+07:00,74.0,74.0,72.0,72.0,72.0,8300
2025-07-23 11:00:00+07:00,72.0,72.0,72.0,72.0,72.0,2000
2025-07-23 11:30:00+07:00,72.0,72.0,72.0,72.0,72.0,30000
2025-07-23 11:45:00+07:00,73.0,73.0,73.0,73.0,73.0,200
2025-07-23 13:30:00+07:00,72.0,73.0,72.0,73.0,73.0,300
2025-07-23 14:00:00+07:00,72.0,73.0,72.0,73.0,73.0,27600
2025-07-23 14:15:00+07:00,73.0,73.0,73.0,73.0,73.0,500
2025-07-23 14:45:00+07:00,73.0,73.0,73.0,73.0,73.0,52500
2025-07-23 15:15:00+07:00,73.0,73.0,73.0,73.0,73.0,100
2025-07-24 09:00:00+07:00,73.0,73.0,73.0,73.0,73.0,0
2025-07-24 09:15:00+07:00,74.0,75.0,73.0,73.0,73.0,347300
2025-07-24 09:30:00+07:00,72.0,73.0,72.0,73.0,73.0,600
2025-07-24 10:00:00+07:00,73.0,73.0,73.0,73.0,73.0,1000
2025-07-24 10:15:00+07:00,74.0,74.0,74.0,74.0,74.0,18500
2025-07-24 10:30:00+07:00,74.0,74.0,74.0,74.0,74.0,80300
2025-07-24 10:45:00+07:00,74.0,74.0,74.0,74.0,74.0,100
2025-07-24 11:00:00+07:00,75.0,75.0,75.0,75.0,75.0,8700
2025-07-24 11:15:00+07:00,75.0,75.0,74.0,74.0,74.0,10000
2025-07-24 11:30:00+07:00,74.0,74.0,74.0,74.0,74.0,400
2025-07-24 11:45:00+07:00,74.0,74.0,73.0,73.0,73.0,1000
2025-07-24 13:30:00+07:00,73.0,73.0,73.0,73.0,73.0,100500
2025-07-24 14:00:00+07:00,73.0,73.0,73.0,73.0,73.0,200
2025-07-24 14:15:00+07:00,73.0,73.0,73.0,73.0,73.0,700
2025-07-24 15:00:00+07:00,74.0,74.0,73.0,74.0,74.0,1300
2025-07-24 15:15:00+07:00,73.0,73.0,73.0,73.0,73.0,14100
2025-07-24 15:30:00+07:00,73.0,73.0,72.0,72.0,72.0,2400
2025-07-25 09:15:00+07:00,72.0,73.0,72.0,73.0,73.0,100
2025-07-25 09:45:00+07:00,73.0,73.0,73.0,73.0,73.0,200
2025-07-25 10:00:00+07:00,73.0,73.0,73.0,73.0,73.0,4500
2025-07-25 10:45:00+07:00,73.0,73.0,73.0,73.0,73.0,700
2025-07-25 11:00:00+07:00,73.0,73.0,73.0,73.0,73.0,200
2025-07-25 14:00:00+07:00,74.0,74.0,73.0,73.0,73.0,15000
2025-07-25 14:15:00+07:00,73.0,73.0,73.0,73.0,73.0,7300
2025-07-25 14:30:00+07:00,72.0,72.0,72.0,72.0,72.0,400
2025-07-25 15:00:00+07:00,73.0,73.0,73.0,73.0,73.0,2200
2025-07-25 15:45:00+07:00,73.0,73.0,73.0,73.0,73.0,12000
2025-07-28 09:00:00+07:00,72.0,73.0,72.0,73.0,73.0,2000
2025-07-28 09:15:00+07:00,73.0,73.0,73.0,73.0,73.0,3600
2025-07-28 09:45:00+07:00,72.0,72.0,72.0,72.0,72.0,400
2025-07-28 10:00:00+07:00,74.0,74.0,72.0,73.0,73.0,60500
2025-07-28 10:45:00+07:00,73.0,73.0,73.0,73.0,73.0,60000
2025-07-28 11:15:00+07:00,74.0,74.0,74.0,74.0,74.0,100
2025-07-28 13:30:00+07:00,74.0,74.0,74.0,74.0,74.0,100
2025-07-28 13:45:00+07:00,74.0,74.0,74.0,74.0,74.0,9100
2025-07-28 14:45:00+07:00,74.0,74.0,74.0,74.0,74.0,14800
2025-07-28 15:15:00+07:00,75.0,75.0,75.0,75.0,75.0,26900
2025-07-28 15:30:00+07:00,75.0,75.0,75.0,75.0,75.0,5100
2025-07-28 15:45:00+07:00,74.0,74.0,74.0,74.0,74.0,11200
2025-07-29 09:00:00+07:00,74.0,74.0,73.0,73.0,73.0,29200
2025-07-29 09:15:00+07:00,73.0,73.0,73.0,73.0,73.0,37700
2025-07-29 09:45:00+07:00,74.0,74.0,74.0,74.0,74.0,100
2025-07-29 10:00:00+07:00,74.0,74.0,74.0,74.0,74.0,200
2025-07-29 10:15:00+07:00,73.0,73.0,73.0,73.0,73.0,100
2025-07-29 10:30:00+07:00,73.0,73.0,73.0,73.0,73.0,300
2025-07-29 10:45:00+07:00,73.0,74.0,73.0,74.0,74.0,79900
2025-07-29 11:00:00+07:00,74.0,75.0,74.0,75.0,75.0,600
2025-07-29 13:30:00+07:00,75.0,75.0,75.0,75.0,75.0,10100
2025-07-29 13:45:00+07:00,75.0,75.0,75.0,75.0,75.0,2900
2025-07-29 14:00:00+07:00,75.0,75.0,75.0,75.0,75.0,4500
2025-07-29 14:15:00+07:00,75.0,75.0,75.0,75.0,75.0,200
2025-07-29 14:30:00+07:00,76.0,77.0,76.0,77.0,77.0,52900
2025-07-29 14:45:00+07:00,76.0,76.0,76.0,76.0,76.0,700
2025-07-29 15:00:00+07:00,76.0,78.0,75.0,78.0,78.0,70800
2025-07-29 15:15:00+07:00,77.0,78.0,75.0,75.0,75.0,65100
2025-07-29 15:45:00+07:00,78.0,78.0,78.0,78.0,78.0,100
2025-07-30 09:00:00+07:00,78.0,78.0,78.0,78.0,78.0,200
2025-07-30 09:15:00+07:00,78.0,78.0,76.0,76.0,76.0,46400
2025-07-30 09:30:00+07:00,76.0,76.0,74.0,75.0,75.0,7300
2025-07-30 09:45:00+07:00,76.0,76.0,75.0,75.0,75.0,1900
2025-07-30 10:00:00+07:00,76.0,77.0,76.0,76.0,76.0,3700
2025-07-30 10:15:00+07:00,77.0,77.0,76.0,76.0,76.0,4000
2025-07-30 10:30:00+07:00,75.0,75.0,75.0,75.0,75.0,800
2025-07-30 11:00:00+07:00,76.0,76.0,75.0,75.0,75.0,800
2025-07-30 11:15:00+07:00,75.0,75.0,70.0,71.0,71.0,1031000
2025-07-30 11:30:00+07:00,71.0,71.0,70.0,71.0,71.0,216300
2025-07-30 11:45:00+07:00,71.0,72.0,71.0,72.0,72.0,127200
2025-07-30 13:30:00+07:00,73.0,73.0,73.0,73.0,73.0,98000
2025-07-30 13:45:00+07:00,73.0,73.0,72.0,73.0,73.0,3000
2025-07-30 14:00:00+07:00,73.0,74.0,73.0,74.0,74.0,7900
2025-07-30 14:15:00+07:00,73.0,73.0,73.0,73.0,73.0,5000
2025-07-30 14:30:00+07:00,73.0,73.0,73.0,73.0,73.0,7300
2025-07-30 14:45:00+07:00,73.0,74.0,72.0,74.0,74.0,55600
2025-07-30 15:00:00+07:00,74.0,74.0,73.0,73.0,73.0,6100
2025-07-30 15:15:00+07:00,73.0,73.0,72.0,72.0,72.0,3300
2025-07-30 15:30:00+07:00,72.0,73.0,72.0,73.0,73.0,500
2025-07-30 15:45:00+07:00,72.0,73.0,72.0,73.0,73.0,3300
2025-07-31 09:00:00+07:00,72.0,73.0,72.0,72.0,72.0,200
2025-07-31 09:15:00+07:00,72.0,72.0,72.0,72.0,72.0,51200
2025-07-31 09:30:00+07:00,73.0,73.0,73.0,73.0,73.0,5600
2025-07-31 09:45:00+07:00,73.0,73.0,73.0,73.0,73.0,1500
2025-07-31 10:00:00+07:00,73.0,73.0,72.0,72.0,72.0,1400
2025-07-31 10:15:00+07:00,73.0,73.0,73.0,73.0,73.0,3100
2025-07-31 10:30:00+07:00,73.0,74.0,72.0,74.0,74.0,22900
2025-07-31 10:45:00+07:00,72.0,74.0,72.0,74.0,74.0,40100
2025-07-31 11:15:00+07:00,73.0,73.0,73.0,73.0,73.0,500
2025-07-31 13:30:00+07:00,73.0,73.0,73.0,73.0,73.0,200
2025-07-31 13:45:00+07:00,73.0,73.0,73.0,73.0,73.0,14200
2025-07-31 14:30:00+07:00,73.0,73.0,73.0,73.0,73.0,5000
2025-07-31 14:45:00+07:00,73.0,73.0,73.0,73.0,73.0,12500
2025-07-31 15:00:00+07:00,72.0,72.0,72.0,72.0,72.0,100
2025-07-31 15:15:00+07:00,72.0,72.0,72.0,72.0,72.0,30100
2025-07-31 15:30:00+07:00,74.0,74.0,74.0,74.0,74.0,300
2025-08-01 09:00:00+07:00,72.0,72.0,71.0,72.0,72.0,8600
2025-08-01 09:15:00+07:00,73.0,73.0,73.0,73.0,73.0,600
2025-08-01 09:30:00+07:00,73.0,73.0,73.0,73.0,73.0,300
2025-08-01 09:45:00+07:00,73.0,73.0,73.0,73.0,73.0,8100
2025-08-01 10:00:00+07:00,73.0,73.0,73.0,73.0,73.0,13000
2025-08-01 10:45:00+07:00,74.0,74.0,73.0,74.0,74.0,2700
2025-08-01 11:00:00+07:00,74.0,74.0,74.0,74.0,74.0,6200
2025-08-01 11:15:00+07:00,73.0,73.0,73.0,73.0,73.0,1500
2025-08-01 14:00:00+07:00,74.0,74.0,74.0,74.0,74.0,500
2025-08-01 14:30:00+07:00,72.0,72.0,72.0,72.0,72.0,100
2025-08-01 15:00:00+07:00,73.0,73.0,73.0,73.0,73.0,300
2025-08-01 15:15:00+07:00,72.0,72.0,72.0,72.0,72.0,100
2025-08-04 09:00:00+07:00,72.0,73.0,72.0,72.0,72.0,0
2025-08-04 09:15:00+07:00,72.0,72.0,72.0,72.0,72.0,600
2025-08-04 09:30:00+07:00,72.0,72.0,72.0,72.0,72.0,6000
2025-08-04 09:45:00+07:00,72.0,78.0,72.0,78.0,78.0,156900
2025-08-04 10:00:00+07:00,77.0,77.0,74.0,75.0,75.0,4500
2025-08-04 10:15:00+07:00,74.0,75.0,72.0,72.0,72.0,109800
2025-08-04 10:30:00+07:00,74.0,74.0,73.0,74.0,74.0,4400
2025-08-04 10:45:00+07:00,74.0,74.0,74.0,74.0,74.0,300
2025-08-04 11:00:00+07:00,74.0,74.0,74.0,74.0,74.0,700
2025-08-04 11:15:00+07:00,74.0,74.0,74.0,74.0,74.0,1000
2025-08-04 11:30:00+07:00,74.0,74.0,73.0,73.0,73.0,100
2025-08-04 14:15:00+07:00,74.0,74.0,73.0,74.0,74.0,25400
2025-08-04 14:45:00+07:00,73.0,73.0,73.0,73.0,73.0,15400
2025-08-04 15:15:00+07:00,73.0,73.0,73.0,73.0,73.0,7000
2025-08-04 15:30:00+07:00,73.0,73.0,73.0,73.0,73.0,7800
2025-08-05 09:00:00+07:00,73.0,74.0,73.0,74.0,74.0,1900
2025-08-05 09:45:00+07:00,74.0,74.0,74.0,74.0,74.0,200
2025-08-05 10:00:00+07:00,74.0,74.0,73.0,73.0,73.0,200
2025-08-05 10:45:00+07:00,74.0,74.0,74.0,74.0,74.0,100
2025-08-05 11:00:00+07:00,74.0,74.0,72.0,72.0,72.0,31200
2025-08-05 13:30:00+07:00,73.0,73.0,73.0,73.0,73.0,30000
2025-08-05 13:45:00+07:00,73.0,73.0,73.0,73.0,73.0,12700
2025-08-05 14:00:00+07:00,73.0,73.0,73.0,73.0,73.0,3700
2025-08-05 14:15:00+07:00,72.0,72.0,72.0,72.0,72.0,19600
2025-08-05 14:45:00+07:00,73.0,73.0,73.0,73.0,73.0,2300
2025-08-05 15:15:00+07:00,72.0,73.0,72.0,73.0,73.0,12400
2025-08-06 09:00:00+07:00,72.0,73.0,72.0,73.0,73.0,1300
2025-08-06 09:15:00+07:00,74.0,74.0,74.0,74.0,74.0,100
2025-08-06 09:30:00+07:00,74.0,74.0,74.0,74.0,74.0,4000
2025-08-06 09:45:00+07:00,74.0,74.0,74.0,74.0,74.0,100
2025-08-06 10:15:00+07:00,74.0,74.0,74.0,74.0,74.0,6900
2025-08-06 10:45:00+07:00,73.0,73.0,73.0,73.0,73.0,200
2025-08-06 11:00:00+07:00,73.0,74.0,73.0,74.0,74.0,20200
2025-08-06 11:15:00+07:00,73.0,73.0,73.0,73.0,73.0,0
2025-08-06 11:30:00+07:00,73.0,73.0,73.0,73.0,73.0,300
2025-08-06 13:30:00+07:00,74.0,74.0,74.0,74.0,74.0,100
2025-08-06 14:15:00+07:00,73.0,74.0,73.0,74.0,74.0,200
2025-08-06 15:45:00+07:00,74.0,74.0,74.0,74.0,74.0,700
2025-08-07 09:00:00+07:00,73.0,74.0,73.0,74.0,74.0,1000
2025-08-07 09:15:00+07:00,73.0,73.0,71.0,71.0,71.0,225200
2025-08-07 09:30:00+07:00,73.0,73.0,73.0,73.0,73.0,6100
2025-08-07 10:30:00+07:00,73.0,73.0,72.0,73.0,73.0,6900
2025-08-07 11:00:00+07:00,73.0,73.0,73.0,73.0,73.0,2900
2025-08-07 11:15:00+07:00,72.0,72.0,72.0,72.0,72.0,2800
2025-08-07 13:30:00+07:00,73.0,73.0,73.0,73.0,73.0,21100
2025-08-07 13:45:00+07:00,73.0,73.0,73.0,73.0,73.0,100
2025-08-07 14:00:00+07:00,72.0,73.0,72.0,73.0,73.0,9900
2025-08-07 14:15:00+07:00,73.0,73.0,73.0,73.0,73.0,400
2025-08-07 14:30:00+07:00,72.0,72.0,72.0,72.0,72.0,100
2025-08-07 15:00:00+07:00,73.0,73.0,72.0,72.0,72.0,4500
2025-08-07 15:15:00+07:00,72.0,72.0,72.0,72.0,72.0,1200
2025-08-07 15:30:00+07:00,72.0,73.0,72.0,73.0,73.0,8700
2025-08-07 15:45:00+07:00,72.0,72.0,72.0,72.0,72.0,100
2025-08-08 09:00:00+07:00,73.0,73.0,73.0,73.0,73.0,0
2025-08-08 09:30:00+07:00,73.0,73.0,73.0,73.0,73.0,300
2025-08-08 09:45:00+07:00,72.0,72.0,72.0,72.0,72.0,400
2025-08-08 10:00:00+07:00,72.0,72.0,70.0,70.0,70.0,20200
2025-08-08 10:15:00+07:00,73.0,73.0,71.0,73.0,73.0,5900
2025-08-08 11:00:00+07:00,73.0,73.0,73.0,73.0,73.0,1000
2025-08-08 11:15:00+07:00,73.0,73.0,73.0,73.0,73.0,100
2025-08-08 14:00:00+07:00,71.0,71.0,71.0,71.0,71.0,300
2025-08-08 14:15:00+07:00,71.0,71.0,71.0,71.0,71.0,500
2025-08-08 14:30:00+07:00,73.0,73.0,73.0,73.0,73.0,32900
2025-08-08 14:45:00+07:00,74.0,74.0,73.0,73.0,73.0,30700
2025-08-08 15:00:00+07:00,74.0,74.0,74.0,74.0,74.0,30100
2025-08-08 15:15:00+07:00,73.0,73.0,73.0,73.0,73.0,29400
2025-08-08 15:30:00+07:00,73.0,73.0,73.0,73.0,73.0,1000
2025-08-11 09:00:00+07:00,73.0,73.0,73.0,73.0,73.0,3400
2025-08-11 09:15:00+07:00,72.0,72.0,72.0,72.0,72.0,100
2025-08-11 09:30:00+07:00,73.0,73.0,73.0,73.0,73.0,200
2025-08-11 10:00:00+07:00,73.0,73.0,73.0,73.0,73.0,500
2025-08-11 10:15:00+07:00,73.0,73.0,73.0,73.0,73.0,6500
2025-08-11 11:15:00+07:00,73.0,73.0,73.0,73.0,73.0,5000
2025-08-11 13:30:00+07:00,72.0,72.0,72.0,72.0,72.0,2500
2025-08-11 13:45:00+07:00,72.0,72.0,70.0,72.0,72.0,76000
2025-08-11 14:45:00+07:00,73.0,73.0,73.0,73.0,73.0,1100
2025-08-11 15:00:00+07:00,73.0,73.0,73.0,73.0,73.0,300
2025-08-12 09:00:00+07:00,71.0,73.0,66.0,71.0,71.0,216900
2025-08-12 09:15:00+07:00,71.0,71.0,71.0,71.0,71.0,54600
2025-08-12 09:30:00+07:00,71.0,72.0,71.0,72.0,72.0,5200
2025-08-12 09:45:00+07:00,72.0,72.0,72.0,72.0,72.0,300
2025-08-12 10:15:00+07:00,71.0,72.0,71.0,72.0,72.0,2200
2025-08-12 10:45:00+07:00,72.0,72.0,71.0,72.0,72.0,19500
2025-08-12 11:00:00+07:00,72.0,72.0,71.0,71.0,71.0,10200
2025-08-12 11:15:00+07:00,72.0,72.0,72.0,72.0,72.0,2200
2025-08-12 11:30:00+07:00,72.0,72.0,72.0,72.0,72.0,36000
2025-08-12 11:45:00+07:00,71.0,71.0,71.0,71.0,71.0,20000
2025-08-12 13:30:00+07:00,73.0,73.0,73.0,73.0,73.0,20200
2025-08-12 13:45:00+07:00,73.0,73.0,73.0,73.0,73.0,2000
2025-08-12 14:00:00+07:00,73.0,73.0,72.0,72.0,72.0,16400
2025-08-12 14:15:00+07:00,73.0,73.0,73.0,73.0,73.0,3200
2025-08-13 09:00:00+07:00,72.0,72.0,72.0,72.0,72.0,1300
2025-08-13 09:15:00+07:00,73.0,73.0,72.0,72.0,72.0,0
2025-08-13 09:30:00+07:00,72.0,73.0,72.0,73.0,73.0,2000
2025-08-13 10:15:00+07:00,73.0,73.0,73.0,73.0,73.0,50000
2025-08-13 10:45:00+07:00,73.0,73.0,73.0,73.0,73.0,100
2025-08-13 11:00:00+07:00,73.0,73.0,72.0,72.0,72.0,2500
2025-08-13 11:15:00+07:00,73.0,73.0,73.0,73.0,73.0,50100
2025-08-13 11:45:00+07:00,73.0,73.0,73.0,73.0,73.0,200
2025-08-13 13:30:00+07:00,73.0,73.0,73.0,73.0,73.0,5400
2025-08-13 13:45:00+07:00,73.0,73.0,73.0,73.0,73.0,600
2025-08-13 14:00:00+07:00,72.0,73.0,72.0,73.0,73.0,5600
2025-08-13 14:15:00+07:00,73.0,73.0,72.0,72.0,72.0,3500
2025-08-13 14:30:00+07:00,73.0,73.0,73.0,73.0,73.0,2600
2025-08-13 15:15:00+07:00,73.0,73.0,73.0,73.0,73.0,100
2025-08-13 15:30:00+07:00,72.0,72.0,72.0,72.0,72.0,100
2025-08-14 09:00:00+07:00,73.0,73.0,73.0,73.0,73.0,100
2025-08-14 09:15:00+07:00,72.0,73.0,72.0,73.0,73.0,7300
2025-08-14 10:00:00+07:00,72.0,73.0,72.0,73.0,73.0,20300
2025-08-14 10:15:00+07:00,72.0,72.0,72.0,72.0,72.0,2800
2025-08-14 10:30:00+07:00,72.0,72.0,72.0,72.0,72.0,1500
2025-08-14 10:45:00+07:00,73.0,73.0,73.0,73.0,73.0,7500
2025-08-14 11:00:00+07:00,73.0,73.0,73.0,73.0,73.0,11500
2025-08-14 11:45:00+07:00,73.0,73.0,73.0,73.0,73.0,100
2025-08-14 13:30:00+07:00,73.0,73.0,73.0,73.0,73.0,4200
2025-08-14 13:45:00+07:00,73.0,73.0,73.0,73.0,73.0,200
2025-08-14 14:00:00+07:00,73.0,73.0,73.0,73.0,73.0,24700
2025-08-14 14:30:00+07:00,74.0,77.0,74.0,75.0,75.0,88700
2025-08-14 14:45:00+07:00,74.0,74.0,74.0,74.0,74.0,10700
2025-08-14 15:00:00+07:00,74.0,74.0,74.0,74.0,74.0,600
2025-08-14 15:15:00+07:00,74.0,74.0,74.0,74.0,74.0,5500
2025-08-14 15:30:00+07:00,74.0,74.0,74.0,74.0,74.0,10000
2025-08-15 09:00:00+07:00,74.0,75.0,74.0,75.0,75.0,41200
2025-08-15 09:30:00+07:00,74.0,75.0,74.0,75.0,75.0,2400
2025-08-15 10:00:00+07:00,74.0,74.0,74.0,74.0,74.0,1300
2025-08-15 10:30:00+07:00,74.0,74.0,74.0,74.0,74.0,600
2025-08-15 10:45:00+07:00,74.0,74.0,74.0,74.0,74.0,500
2025-08-15 11:00:00+07:00,74.0,74.0,74.0,74.0,74.0,200
2025-08-15 14:00:00+07:00,74.0,74.0,74.0,74.0,74.0,57100
2025-08-15 14:15:00+07:00,74.0,74.0,74.0,74.0,74.0,9400
2025-08-15 14:30:00+07:00,74.0,74.0,74.0,74.0,74.0,10600
2025-08-15 14:45:00+07:00,75.0,75.0,75.0,75.0,75.0,500
2025-08-15 15:00:00+07:00,75.0,75.0,75.0,75.0,75.0,2900
2025-08-15 15:30:00+07:00,74.0,74.0,74.0,74.0,74.0,1900
2025-08-19 09:00:00+07:00,74.0,75.0,74.0,75.0,75.0,26200
2025-08-19 09:15:00+07:00,75.0,76.0,75.0,76.0,76.0,14000
2025-08-19 09:30:00+07:00,76.0,76.0,76.0,76.0,76.0,61300
2025-08-19 09:45:00+07:00,75.0,75.0,75.0,75.0,75.0,1700
2025-08-19 10:00:00+07:00,75.0,76.0,75.0,76.0,76.0,4400
2025-08-19 10:15:00+07:00,75.0,75.0,75.0,75.0,75.0,72800
2025-08-19 10:45:00+07:00,74.0,74.0,74.0,74.0,74.0,26700
2025-08-19 11:00:00+07:00,74.0,74.0,74.0,74.0,74.0,22000
2025-08-19 11:15:00+07:00,74.0,74.0,73.0,74.0,74.0,18900
2025-08-19 11:30:00+07:00,74.0,74.0,74.0,74.0,74.0,26400
2025-08-19 13:30:00+07:00,73.0,73.0,73.0,73.0,73.0,3100
2025-08-19 14:15:00+07:00,73.0,73.0,73.0,73.0,73.0,600
2025-08-19 14:30:00+07:00,73.0,73.0,73.0,73.0,73.0,14800
2025-08-19 15:00:00+07:00,74.0,74.0,74.0,74.0,74.0,200
2025-08-19 15:15:00+07:00,73.0,74.0,73.0,74.0,74.0,107400
2025-08-19 15:30:00+07:00,74.0,74.0,74.0,74.0,74.0,2500
2025-08-20 09:00:00+07:00,74.0,75.0,74.0,75.0,75.0,8200
2025-08-20 09:30:00+07:00,74.0,75.0,73.0,75.0,75.0,53000
2025-08-20 10:15:00+07:00,74.0,74.0,74.0,74.0,74.0,1500
2025-08-20 10:45:00+07:00,75.0,75.0,73.0,73.0,73.0,100000
2025-08-20 11:00:00+07:00,74.0,75.0,74.0,75.0,75.0,167100
2025-08-20 11:15:00+07:00,75.0,75.0,75.0,75.0,75.0,0
2025-08-20 11:30:00+07:00,75.0,75.0,75.0,75.0,75.0,15000
2025-08-20 11:45:00+07:00,75.0,75.0,74.0,74.0,74.0,14400
2025-08-20 13:45:00+07:00,75.0,75.0,75.0,75.0,75.0,42600
2025-08-20 14:15:00+07:00,75.0,75.0,75.0,75.0,75.0,1000
2025-08-20 14:45:00+07:00,75.0,75.0,75.0,75.0,75.0,1800
2025-08-20 15:00:00+07:00,75.0,75.0,75.0,75.0,75.0,6000
2025-08-20 15:30:00+07:00,75.0,75.0,75.0,75.0,75.0,100
2025-08-21 09:00:00+07:00,75.0,75.0,75.0,75.0,75.0,0
2025-08-21 09:15:00+07:00,75.0,75.0,74.0,74.0,74.0,25700
2025-08-21 09:30:00+07:00,74.0,75.0,73.0,75.0,75.0,27100
2025-08-21 10:00:00+07:00,75.0,75.0,75.0,75.0,75.0,100
2025-08-21 10:30:00+07:00,75.0,75.0,75.0,75.0,75.0,122000
2025-08-21 10:45:00+07:00,75.0,75.0,75.0,75.0,75.0,5000
2025-08-21 11:15:00+07:00,75.0,75.0,75.0,75.0,75.0,38000
2025-08-21 11:30:00+07:00,75.0,75.0,75.0,75.0,75.0,13900
2025-08-21 11:45:00+07:00,75.0,75.0,75.0,75.0,75.0,400
2025-08-21 13:30:00+07:00,75.0,75.0,75.0,75.0,75.0,6600
2025-08-21 13:45:00+07:00,76.0,76.0,75.0,75.0,75.0,1600
2025-08-21 14:00:00+07:00,75.0,76.0,75.0,76.0,76.0,3400
2025-08-21 14:15:00+07:00,76.0,76.0,76.0,76.0,76.0,5000
2025-08-21 14:30:00+07:00,76.0,76.0,76.0,76.0,76.0,106000
2025-08-21 14:45:00+07:00,75.0,75.0,75.0,75.0,75.0,0
2025-08-22 09:00:00+07:00,76.0,76.0,76.0,76.0,76.0,19300
2025-08-22 09:15:00+07:00,76.0,76.0,76.0,76.0,76.0,8400
2025-08-22 09:30:00+07:00,75.0,77.0,75.0,77.0,77.0,36900
2025-08-22 09:45:00+07:00,76.0,78.0,76.0,77.0,77.0,17600
2025-08-22 10:00:00+07:00,76.0,78.0,76.0,76.0,76.0,29200
2025-08-22 10:45:00+07:00,77.0,77.0,76.0,76.0,76.0,2800
2025-08-22 11:00:00+07:00,77.0,77.0,76.0,76.0,76.0,1200
2025-08-22 14:00:00+07:00,75.0,75.0,75.0,75.0,75.0,1000
2025-08-22 14:15:00+07:00,75.0,75.0,75.0,75.0,75.0,0
2025-08-25 09:00:00+07:00,77.0,77.0,74.0,74.0,74.0,17100
2025-08-25 09:15:00+07:00,76.0,77.0,75.0,75.0,75.0,45000
2025-08-25 09:30:00+07:00,75.0,75.0,75.0,75.0,75.0,15000
2025-08-25 09:45:00+07:00,75.0,75.0,74.0,74.0,74.0,11300
2025-08-25 10:00:00+07:00,75.0,75.0,75.0,75.0,75.0,5000
2025-08-25 10:15:00+07:00,75.0,75.0,75.0,75.0,75.0,1500
2025-08-25 10:30:00+07:00,76.0,76.0,76.0,76.0,76.0,100
2025-08-25 10:45:00+07:00,77.0,77.0,77.0,77.0,77.0,16100
2025-08-25 11:00:00+07:00,77.0,77.0,77.0,77.0,77.0,3300
2025-08-25 11:15:00+07:00,76.0,77.0,76.0,76.0,76.0,6000
2025-08-25 13:30:00+07:00,76.0,76.0,76.0,76.0,76.0,18000
2025-08-25 13:45:00+07:00,76.0,76.0,76.0,76.0,76.0,4900
2025-08-25 14:45:00+07:00,77.0,77.0,77.0,77.0,77.0,2400
2025-08-25 15:00:00+07:00,76.0,76.0,76.0,76.0,76.0,800
2025-08-25 15:45:00+07:00,77.0,77.0,77.0,77.0,77.0,100
2025-08-26 09:00:00+07:00,76.0,76.0,75.0,75.0,75.0,13600
2025-08-26 09:15:00+07:00,75.0,75.0,75.0,75.0,75.0,20000
2025-08-26 09:30:00+07:00,76.0,76.0,76.0,76.0,76.0,25000
2025-08-26 09:45:00+07:00,77.0,77.0,76.0,76.0,76.0,6200
2025-08-26 10:00:00+07:00,77.0,77.0,77.0,77.0,77.0,25300
2025-08-26 10:30:00+07:00,77.0,78.0,77.0,77.0,77.0,62300
2025-08-26 10:45:00+07:00,78.0,80.0,77.0,79.0,79.0,115000
2025-08-26 11:00:00+07:00,80.0,80.0,79.0,79.0,79.0,20100
2025-08-26 11:15:00+07:00,78.0,79.0,78.0,79.0,79.0,3800
2025-08-26 11:30:00+07:00,78.0,79.0,78.0,79.0,79.0,11600
2025-08-26 13:30:00+07:00,79.0,79.0,79.0,79.0,79.0,4000
2025-08-26 13:45:00+07:00,80.0,80.0,77.0,77.0,77.0,72000
2025-08-26 14:00:00+07:00,79.0,79.0,78.0,78.0,78.0,60000
2025-08-26 14:15:00+07:00,78.0,79.0,77.0,77.0,77.0,202300
2025-08-26 14:30:00+07:00,77.0,77.0,77.0,77.0,77.0,35100
2025-08-26 15:00:00+07:00,79.0,79.0,79.0,79.0,79.0,0
2025-08-28 09:00:00+07:00,86.0,93.0,86.0,93.0,93.0,446000
2025-08-28 09:15:00+07:00,93.0,93.0,93.0,93.0,93.0,176700
2025-08-28 09:30:00+07:00,93.0,93.0,93.0,93.0,93.0,47400
2025-08-28 09:45:00+07:00,93.0,93.0,91.0,91.0,91.0,207100
2025-08-28 10:00:00+07:00,92.0,93.0,91.0,93.0,93.0,78600
2025-08-28 10:15:00+07:00,93.0,93.0,93.0,93.0,93.0,23200
2025-08-28 10:30:00+07:00,93.0,93.0,92.0,92.0,92.0,204400
2025-08-28 10:45:00+07:00,93.0,93.0,93.0,93.0,93.0,21100
2025-08-28 11:00:00+07:00,93.0,93.0,93.0,93.0,93.0,15100
2025-08-28 11:15:00+07:00,93.0,93.0,93.0,93.0,93.0,1400
2025-08-28 11:30:00+07:00,93.0,93.0,93.0,93.0,93.0,34000
2025-08-28 13:30:00+07:00,93.0,93.0,93.0,93.0,93.0,800
2025-08-28 13:45:00+07:00,93.0,93.0,93.0,93.0,93.0,76100
2025-08-28 14:00:00+07:00,93.0,93.0,93.0,93.0,93.0,2500
2025-08-28 14:30:00+07:00,93.0,93.0,93.0,93.0,93.0,13400
2025-08-28 15:15:00+07:00,93.0,93.0,93.0,93.0,93.0,1000
2025-08-28 15:30:00+07:00,93.0,93.0,93.0,93.0,93.0,100
